Label,alias1
access to information,
access to justice,
access to medical treatment,
adult guardianship act,
age of majority,
alternative display format,
American sign language,
assistive technologies,
auditory handicap,
authentic texts,
authenticity,
awareness,
basic human rights,
behavioral,
boys,
British Columbia,
building knowledge,
Canada health act,
Canadian charter of rights and freedoms,
Canadian evidence act,
case law,
civil rights,
cognitive,
committee,
common law,
consent to medical care,
constitution act,
continuance of employment,
contracts,
criminal code,
critical gaps,
cultural activities,
decision maker,
depositary,
devices,
dignity,
disability accommodation,
disability employment equity,
disability rights,
discriminatory denial,
discriminatory membership,
duty to accommodate,
education and training,
education discrimination,
electronic text,
employee organizations,
employment,
employment barriers,
employment equity,
employment opportunities,
employment participation,
employment setting,
entry into force,
equal recognition,
equal recognition before the law,
equal rights,
equal wages,
equality,
equality before the law,
equitable,
ethical standards,
fair,
fluids,
formal confirmation,
formal equality,
freedom from exploitation,
freedom from exploitation violence and abuse,
freedom from punishment,
freedom from torture,
freedom from violence,
freedom of expression,
freedom of movement,
freedom to choose,
general secretary,
health insurance,
health professionals,
health services,
healthcare,
human life,
human rights commission,
human rights legal support center,
human rights legislation,
human rights principles,
human rights statutes,
human rights tribunal,
humanitarian emergencies,
immigration law,
information communication,
international cooperation,
job retention,
Labrador,
lack of decision,
legal capacity,
legal landscape,
legal proceedings,
legal support center,
legal systems,
life insurance,
life support,
local expertise,
long term goal,
long term goals,
Manitoba,
media,
medical students,
medically necessary,
men,
mental capacity,
mental disability,
natural disasters,
non-medical services,
Ontario occupational health and safety legislation,
Ontario school for the deaf,
optional protocol,
palliative care,
pathology,
patient history,
personal autonomy,
personal mobility,
persons with disabilities,
physical disability,
physical or mental impairment,
physicians,
plain language,
policies,
policy instruments,
political life,
political or social prejudice,
political participation,
political prejudice,
private healthcare,
professional associations,
professional conduct,
professional orders,
programs,
prohibition,
promotion,advancement,
promulgation,
property,
public healthcare,
public sector,
quality,
Quebec charter of human rights and freedom,
regional integration organization,
reports,
reproductive health,
secretary-general,
section 14,
section 15,
security of person,
self-employment,
self-governing professions,
senior,
seniority,
severity of disability,
sexual solicitation,
specific rule,
specific rules,
speech-language,
standard of living,
state parties,
stereotype,
supreme court of Canada,
telecommunication technology,
telehealth,
text,
the accessibility standards for customer service regulation,
the Canadian medical association code of ethics,
the civil code of Quebec,
the criminal code,
the immigration and refugee protection act,
the Ontario courts accessibility committee,
the rules of professional conduct,
trade associations,
undue hardship,
union rights,
vocational guidance,
workplace violence,
able-bodied,
Digital Divide,
Diversity,
exclusion,
inclusive education,
Therapy,
Therapist,
visual hearing,





















































































